event,discipline,sub-discipline
archery - women's individual,archery,archery
archery - men's individual,archery,archery
archery - individual competition men,archery,archery
archery - individual competition women,archery,archery
archery - individual fita olympic round  70m men,archery,archery
archery - individual fita olympic round  70m women,archery,archery
archery - individual fita round men,archery,archery
archery - individual fita round women,archery,archery
archery - moving bird target 33m men,archery,archery
archery - moving bird target 28m men,archery,archery
archery - fixed bird target large birds men,archery,archery
archery - moving bird target 50m men,archery,archery
archery - fixed bird target small birds men,archery,archery
archery - women's team,archery,archery
archery - mixed team,archery,archery
archery - men's team,archery,archery
archery - team competition women,archery,archery
archery - team competition men,archery,archery
archery - team fita olympic round  70m women,archery,archery
archery - team fita olympic round  70m men,archery,archery
archery - teams fita round women,archery,archery
archery - teams fita round men,archery,archery
archery - moving bird target 50m teams men,archery,archery
archery - moving bird target 33m teams men,archery,archery
archery - fixed bird target small bird teams men,archery,archery
archery - moving bird target 28m teams men,archery,archery
archery - fixed bird target large birds teams men,archery,archery
athletics - women's 1500m,athletics,athletics
athletics - men's triple jump,athletics,athletics
athletics - women's 3000m steeplechase,athletics,athletics
athletics - men's shot put,athletics,athletics
athletics - women's long jump,athletics,athletics
athletics - women's 5000m,athletics,athletics
athletics - men's marathon,athletics,athletics
athletics - women's javelin throw,athletics,athletics
athletics - men's 110m hurdles,athletics,athletics
athletics - men's long jump,athletics,athletics
athletics - men's javelin throw,athletics,athletics
athletics - men's 50km race walk,athletics,athletics
athletics - men's 200m,athletics,athletics
athletics - women's 400m,athletics,athletics
athletics - women's 100m,athletics,athletics
athletics - women's marathon,athletics,athletics
athletics - women's triple jump,athletics,athletics
athletics - men's 800m,athletics,athletics
athletics - women's shot put,athletics,athletics
athletics - women's 20km race walk,athletics,athletics
athletics - women's pole vault,athletics,athletics
athletics - women's hammer throw,athletics,athletics
athletics - women's 100m hurdles,athletics,athletics
athletics - men's high jump,athletics,athletics
athletics - women's discus throw,athletics,athletics
"athletics - women's 10,000m",athletics,athletics
athletics - men's hammer throw,athletics,athletics
athletics - men's 3000m steeplechase,athletics,athletics
athletics - women's 800m,athletics,athletics
athletics - men's decathlon,athletics,athletics
athletics - men's 100m,athletics,athletics
athletics - men's pole vault,athletics,athletics
athletics - women's 400m hurdles,athletics,athletics
"athletics - men's 10,000m",athletics,athletics
athletics - men's 400m hurdles,athletics,athletics
athletics - men's discus throw,athletics,athletics
athletics - women's 200m,athletics,athletics
athletics - women's high jump,athletics,athletics
athletics - men's 20km race walk,athletics,athletics
athletics - men's 400m,athletics,athletics
athletics - women's heptathlon,athletics,athletics
athletics - men's 1500m,athletics,athletics
athletics - men's 5000m,athletics,athletics
athletics - hammer throw men,athletics,athletics
athletics - 1500m women,athletics,athletics
athletics - high jump men,athletics,athletics
athletics - 800m men,athletics,athletics
athletics - hammer throw women,athletics,athletics
athletics - 100m men,athletics,athletics
athletics - 50km walk men,athletics,athletics
athletics - pole vault men,athletics,athletics
athletics - 3000m steeplechase women,athletics,athletics
athletics - marathon women,athletics,athletics
athletics - decathlon men,athletics,athletics
athletics - 100m hurdles women,athletics,athletics
athletics - 1500m men,athletics,athletics
athletics - discus throw men,athletics,athletics
athletics - pole vault women,athletics,athletics
athletics - 10000m women,athletics,athletics
athletics - shot put women,athletics,athletics
athletics - 200m men,athletics,athletics
athletics - shot put men,athletics,athletics
athletics - heptathlon women,athletics,athletics
athletics - 5000m women,athletics,athletics
athletics - javelin throw men,athletics,athletics
athletics - triple jump women,athletics,athletics
athletics - marathon men,athletics,athletics
athletics - 400m hurdles men,athletics,athletics
athletics - long jump women,athletics,athletics
athletics - triple jump men,athletics,athletics
athletics - 400m men,athletics,athletics
athletics - discus throw women,athletics,athletics
athletics - 100m women,athletics,athletics
athletics - high jump women,athletics,athletics
athletics - 20km walk men,athletics,athletics
athletics - 110m hurdles men,athletics,athletics
athletics - javelin throw women,athletics,athletics
athletics - 400m hurdles women,athletics,athletics
athletics - 3000m steeplechase men,athletics,athletics
athletics - long jump men,athletics,athletics
athletics - 200m women,athletics,athletics
athletics - 20km race walk women,athletics,athletics
athletics - 5000m men,athletics,athletics
athletics - 800m women,athletics,athletics
athletics - 10000m men,athletics,athletics
athletics - 400m women,athletics,athletics
athletics - 10000m walk women,athletics,athletics
athletics - 3000m women,athletics,athletics
athletics - pentathlon women,athletics,athletics
athletics - 80m hurdles women,athletics,athletics
athletics - 10000m walk men,athletics,athletics
athletics - pentathlon men,athletics,athletics
athletics - cross country individual men,athletics,athletics
athletics - 56lb weight throw 254kg men,athletics,athletics
athletics - 3000m walk men,athletics,athletics
athletics - 4 x 400m relay mixed,athletics,athletics
athletics - women's 4 x 100m relay,athletics,athletics
athletics - women's 4 x 400m relay,athletics,athletics
athletics - men's 4 x 100m relay,athletics,athletics
athletics - men's 4 x 400m relay,athletics,athletics
athletics - 4x400m relay women,athletics,athletics
athletics - 4x400m relay men,athletics,athletics
athletics - 4x100m relay women,athletics,athletics
athletics - 4x100m relay men,athletics,athletics
athletics - cross country team men,athletics,athletics
athletics - 3000m team men,athletics,athletics
athletics - marathon race walk relay mixed,athletics,athletics
badminton - men's singles,badminton,badminton
badminton - women's singles,badminton,badminton
badminton - singles men,badminton,badminton
badminton - singles women,badminton,badminton
badminton - men's doubles,badminton,badminton
badminton - women's doubles,badminton,badminton
badminton - mixed doubles,badminton,badminton
badminton - doubles mixed,badminton,badminton
badminton - doubles men,badminton,badminton
badminton - doubles women,badminton,badminton
baseball - baseball men,baseball/softball,baseball
baseball/softball - baseball,baseball/softball,baseball
baseball/softball - softball,baseball/softball,softball
softball - softball women,baseball/softball,softball
3x3 basketball - men,basketball,3x3 basketball
3x3 basketball - women,basketball,3x3 basketball
basketball - men,basketball,basketball
basketball - women,basketball,basketball
basketball - basketball men,basketball,basketball
basketball - basketball women,basketball,basketball
beach volleyball - women,beach volleyball,beach volleyball
beach volleyball - men,beach volleyball,beach volleyball
beach volleyball - beach volleyball women,beach volleyball,beach volleyball
beach volleyball - beach volleyball men,beach volleyball,beach volleyball
boxing - men's welter (63-69kg),boxing,boxing
boxing - men's middle (69-75kg),boxing,boxing
boxing - men's super heavy (+91kg),boxing,boxing
boxing - men's light heavy (75-81kg),boxing,boxing
boxing - men's feather (52-57kg),boxing,boxing
boxing - men's heavy (81-91kg),boxing,boxing
boxing - women's middle (69-75kg),boxing,boxing
boxing - women's light (57-60kg),boxing,boxing
boxing - women's welter (64-69kg),boxing,boxing
boxing - women's fly (48-51kg),boxing,boxing
boxing - men's fly (48-52kg),boxing,boxing
boxing - women's feather (54-57kg),boxing,boxing
boxing - men's light (57-63kg),boxing,boxing
boxing - + 91kg (super heavyweight) men,boxing,boxing
boxing - 75 - 81kg (light-heavyweight) men,boxing,boxing
boxing - 46-49kg men,boxing,boxing
boxing - 52kg men,boxing,boxing
boxing - 60 kg light women,boxing,boxing
boxing - 81-91kg heavyweight men,boxing,boxing
boxing - 69 - 75 kg men,boxing,boxing
boxing - 64 - 69 kg men,boxing,boxing
boxing - 51 kg fly women,boxing,boxing
boxing - 75 kg middle women,boxing,boxing
boxing - 56kg men,boxing,boxing
boxing - 60 - 64 kg men,boxing,boxing
boxing - 57-60kg lightweight men,boxing,boxing
boxing - 75-81kg lightheavyweight men,boxing,boxing
boxing - 48-51kg flyweight men,boxing,boxing
boxing - 48kg light flywieght men,boxing,boxing
boxing - 54-57kg featherweight men,boxing,boxing
boxing - 91kg super heavyweight men,boxing,boxing
boxing - 51-54kg bantamweight men,boxing,boxing
boxing - 48kg lightflyweight men,boxing,boxing
boxing - 63.5-67kg welterweight men,boxing,boxing
boxing - 71-75kg men,boxing,boxing
boxing - 67  71kg lightmiddleweight men,boxing,boxing
boxing - 60-63.5kg lightwelterweigh men,boxing,boxing
boxing - 60 - 63.5kg (light-welterweight) men,boxing,boxing
boxing - 67-71kg lightmiddleweight men,boxing,boxing
boxing - 81kg heavyweight men,boxing,boxing
boxing - 63.5 - 67kg (welterweight) men,boxing,boxing
boxing - - 48kg (light-flyweight) men,boxing,boxing
boxing - 51kg flyweight men,boxing,boxing
boxing - 62  67kg welterweight men,boxing,boxing
boxing - 80kg heavyweight men,boxing,boxing
boxing - 58  62kg lightweight men,boxing,boxing
boxing - 54 - 58kg (featherweight) men,boxing,boxing
boxing - 73  80kg lightheavyweight men,boxing,boxing
boxing - 67  73kg middleweight men,boxing,boxing
boxing - flyweight men,boxing,boxing
boxing - lightheavyweight men,boxing,boxing
boxing - heavyweight men,boxing,boxing
boxing - middleweight men,boxing,boxing
boxing - bantamweight men,boxing,boxing
boxing - lightweight men,boxing,boxing
boxing - welterweight men,boxing,boxing
boxing - featherweight men,boxing,boxing
boxing - 6668  7257kg middleweight men,boxing,boxing
boxing - 7938kg heavyweight men,boxing,boxing
boxing - 508kg flyweight men,boxing,boxing
boxing - 6124  6668kg welterweight men,boxing,boxing
boxing - 7257  7938kg lightheavyweight men,boxing,boxing
boxing - 508  54kg bantamweight men,boxing,boxing
boxing - 54  5715kg featherweight men,boxing,boxing
boxing - 5715  6124kg lightweight men,boxing,boxing
boxing - 5352  5715kg featherweight men,boxing,boxing
boxing - 508  5352kg bantamweight men,boxing,boxing
boxing - women's 60kg,boxing,boxing
boxing - men's 51kg,boxing,boxing
boxing - men's 63.5kg,boxing,boxing
boxing - men's 80kg,boxing,boxing
boxing - men's 92kg,boxing,boxing
boxing - women's 54kg,boxing,boxing
boxing - men's 71kg,boxing,boxing
boxing - women's 50kg,boxing,boxing
boxing - women's 66kg,boxing,boxing
boxing - men's +92kg,boxing,boxing
boxing - women's 57kg,boxing,boxing
boxing - men's 57kg,boxing,boxing
boxing - women's 75kg,boxing,boxing
breaking - b-girls,breaking,breaking
breaking - b-boys,breaking,breaking
canoe marathon - c-1 10000m men,canoe,canoe marathon
canoe marathon - k-1 10000m men,canoe,canoe marathon
canoe marathon - k-2 10000m men,canoe,canoe marathon
canoe marathon - c-2 10000m men,canoe,canoe marathon
canoe slalom - men's kayak,canoe,canoe slalom
canoe slalom - women's canoe,canoe,canoe slalom
canoe slalom - women's kayak,canoe,canoe slalom
canoe slalom - men's canoe,canoe,canoe slalom
canoe slalom - k-1 (kayak single) men,canoe,canoe slalom
canoe slalom - k-1 (kayak single) women,canoe,canoe slalom
canoe slalom - c-1 (canoe single) men,canoe,canoe slalom
canoe slalom - k1 kayak single women,canoe,canoe slalom
canoe slalom - k1 kayak single men,canoe,canoe slalom
canoe slalom - c1 canoe single men,canoe,canoe slalom
canoe slalom - c-2 (canoe double) men,canoe,canoe slalom
canoe slalom - c2 canoe double men,canoe,canoe slalom
canoe slalom - women's kayak single,canoe,canoe slalom
canoe slalom - men's canoe single,canoe,canoe slalom
canoe slalom - women's canoe single,canoe,canoe slalom
canoe slalom - men's kayak single,canoe,canoe slalom
canoe slalom - men's kayak cross,canoe,canoe slalom
canoe slalom - women's kayak cross,canoe,canoe slalom
canoe sprint - women's canoe single 200m,canoe,canoe sprint
canoe sprint - women's kayak single 200m,canoe,canoe sprint
canoe sprint - women's kayak single 500m,canoe,canoe sprint
canoe sprint - men's canoe single 1000m,canoe,canoe sprint
canoe sprint - men's kayak single 1000m,canoe,canoe sprint
canoe sprint - men's kayak single 200m,canoe,canoe sprint
canoe sprint - k-1 200m (kayak single) men,canoe,canoe sprint
canoe sprint - k-1 500m (kayak single) women,canoe,canoe sprint
canoe sprint - c-1 200m (canoe single) men,canoe,canoe sprint
canoe sprint - k-1 200m (kayak single) women,canoe,canoe sprint
canoe sprint - k-1 1000m (kayak single) men,canoe,canoe sprint
canoe sprint - c-1 1000m (canoe single) men,canoe,canoe sprint
canoe sprint - c1 1000m canoe single men,canoe,canoe sprint
canoe sprint - k1 1000m kayak single men,canoe,canoe sprint
canoe sprint - c-1 500m (canoe single) men,canoe,canoe sprint
canoe sprint - k1 500m kayak single men,canoe,canoe sprint
canoe sprint - k1 500m kayak single women,canoe,canoe sprint
canoe sprint - c1 500m canoe single men,canoe,canoe sprint
canoe sprint - men's canoe double 1000m,canoe,canoe sprint
canoe sprint - men's kayak four 500m,canoe,canoe sprint
canoe sprint - men's kayak double 1000m,canoe,canoe sprint
canoe sprint - women's canoe double 500m,canoe,canoe sprint
canoe sprint - women's kayak four 500m,canoe,canoe sprint
canoe sprint - women's kayak double 500m,canoe,canoe sprint
canoe sprint - k-2 500m (kayak double) women,canoe,canoe sprint
canoe sprint - k-2 1000m (kayak double) men,canoe,canoe sprint
canoe sprint - k-4 500m (kayak four) women,canoe,canoe sprint
canoe sprint - k-2 200m (kayak double) men,canoe,canoe sprint
canoe sprint - c-2 1000m (canoe double) men,canoe,canoe sprint
canoe sprint - k-4 1000m (kayak four) men,canoe,canoe sprint
canoe sprint - k2 500m kayak double women,canoe,canoe sprint
canoe sprint - k2 200m kayak double men,canoe,canoe sprint
canoe sprint - k2 1000m kayak double men,canoe,canoe sprint
canoe sprint - c2 1000m canoe double men,canoe,canoe sprint
canoe sprint - k4 500m kayak four women,canoe,canoe sprint
canoe sprint - k4 1000m kayak four men,canoe,canoe sprint
canoe sprint - c2 500m canoe double men,canoe,canoe sprint
canoe sprint - k2 500m kayak double men,canoe,canoe sprint
canoe sprint - k-1 4x500m men,canoe,canoe sprint
canoe sprint - men's canoe double 500m,canoe,canoe sprint
canoe sprint - men's kayak double 500m,canoe,canoe sprint
cycling bmx - individual women,cycling,cycling bmx
cycling bmx - individual men,cycling,cycling bmx
cycling bmx freestyle - women's park,cycling,cycling bmx
cycling bmx freestyle - men's park,cycling,cycling bmx
cycling bmx racing - men,cycling,cycling bmx
cycling bmx racing - women,cycling,cycling bmx
cycling mountain bike - women's cross-country,cycling,cycling mountain bike
cycling mountain bike - men's cross-country,cycling,cycling mountain bike
cycling mountain bike - cross-country women,cycling,cycling mountain bike
cycling mountain bike - cross-country men,cycling,cycling mountain bike
cycling road - women's road race,cycling,cycling road
cycling road - women's individual time trial,cycling,cycling road
cycling road - men's individual time trial,cycling,cycling road
cycling road - men's road race,cycling,cycling road
cycling road - individual road race men,cycling,cycling road
cycling road - individual time trial women,cycling,cycling road
cycling road - individual road race women,cycling,cycling road
cycling road - individual time trial men,cycling,cycling road
cycling road - team time trial men,cycling,cycling road
cycling track - men's sprint,cycling,cycling track
cycling track - men's keirin,cycling,cycling track
cycling track - women's keirin,cycling,cycling track
cycling track - women's sprint,cycling,cycling track
cycling track - men's omnium,cycling,cycling track
cycling track - women's omnium,cycling,cycling track
cycling track - sprint women,cycling,cycling track
cycling track - omnium men,cycling,cycling track
cycling track - keirin women,cycling,cycling track
cycling track - omnium women,cycling,cycling track
cycling track - keirin men,cycling,cycling track
cycling track - sprint individual men,cycling,cycling track
cycling track - sprint men,cycling,cycling track
cycling track - points race women,cycling,cycling track
cycling track - individual pursuit women,cycling,cycling track
cycling track - individual pursuit men,cycling,cycling track
cycling track - points race men,cycling,cycling track
cycling track - 1km time trial men,cycling,cycling track
cycling track - 500m time trial women,cycling,cycling track
cycling track - 1km pursuit men,cycling,cycling track
cycling track - 50km men,cycling,cycling track
cycling track - women's team sprint,cycling,cycling track
cycling track - men's madison,cycling,cycling track
cycling track - men's team pursuit,cycling,cycling track
cycling track - women's team pursuit,cycling,cycling track
cycling track - women's madison,cycling,cycling track
cycling track - men's team sprint,cycling,cycling track
cycling track - team pursuit 3000m women,cycling,cycling track
cycling track - team sprint women,cycling,cycling track
cycling track - team pursuit 4000m men,cycling,cycling track
cycling track - team sprint men,cycling,cycling track
cycling track - madison men,cycling,cycling track
cycling track - olympic sprint men,cycling,cycling track
cycling track - 2000m tandem men,cycling,cycling track
diving - men's 3m springboard,diving,diving
diving - women's 10m platform,diving,diving
diving - men's 10m platform,diving,diving
diving - women's 3m springboard,diving,diving
diving - 10m platform women,diving,diving
diving - 3m springboard men,diving,diving
diving - 10m platform men,diving,diving
diving - 3m springboard women,diving,diving
diving - plain high diving men,diving,diving
diving - men's synchronised 3m springboard,diving,diving
diving - women's synchronised 3m springboard,diving,diving
diving - men's synchronised 10m platform,diving,diving
diving - women's synchronised 10m platform,diving,diving
diving - synchronized diving 10m platform women,diving,diving
diving - synchronized diving 10m platform men,diving,diving
diving - synchronized diving 3m springboard men,diving,diving
diving - synchronized diving 3m springboard women,diving,diving
equestrian - eventing individual,equestrian,equestrian eventing
equestrian - dressage individual,equestrian,equestrian dressage
equestrian - jumping individual,equestrian,equestrian jumping
equestrian - dressage team,equestrian,equestrian dressage
equestrian - eventing team,equestrian,equestrian eventing
equestrian - jumping team,equestrian,equestrian jumping
equestrian dressage - dressage individual grand prix mixed,equestrian,equestrian dressage
equestrian dressage - individual mixed,equestrian,equestrian dressage
equestrian dressage - dressage team grand prix mixed,equestrian,equestrian dressage
equestrian dressage - team mixed,equestrian,equestrian dressage
equestrian eventing - eventing individual mixed,equestrian,equestrian eventing
equestrian eventing - individual mixed,equestrian,equestrian eventing
equestrian eventing - eventing team mixed,equestrian,equestrian eventing
equestrian eventing - team mixed,equestrian,equestrian eventing
equestrian jumping - jumping individual mixed,equestrian,equestrian jumping
equestrian jumping - individual mixed,equestrian,equestrian jumping
equestrian jumping - jumping team mixed,equestrian,equestrian jumping
equestrian jumping - team mixed,equestrian,equestrian jumping
equestrian  vaulting - figure riding individual mixed,equestrian,equestrian vaulting
equestrian  vaulting - figure riding team mixed,equestrian,equestrian vaulting
fencing - women's foil individual,fencing,fencing
fencing - women's épée individual,fencing,fencing
fencing - men's foil individual,fencing,fencing
fencing - men's sabre individual,fencing,fencing
fencing - men's épée individual,fencing,fencing
fencing - women's sabre individual,fencing,fencing
fencing - épée individual women,fencing,fencing
fencing - foil individual men,fencing,fencing
fencing - sabre individual women,fencing,fencing
fencing - foil individual women,fencing,fencing
fencing - sabre individual men,fencing,fencing
fencing - épée individual men,fencing,fencing
fencing - pe individual men,fencing,fencing
fencing - women's épée team,fencing,fencing
fencing - men's foil team,fencing,fencing
fencing - men's épée team,fencing,fencing
fencing - women's foil team,fencing,fencing
fencing - women's sabre team,fencing,fencing
fencing - men's sabre team,fencing,fencing
fencing - sabre team women,fencing,fencing
fencing - épée team women,fencing,fencing
fencing - épée team men,fencing,fencing
fencing - foil team men,fencing,fencing
fencing - sabre team men,fencing,fencing
fencing - foil team women,fencing,fencing
fencing - pe team men,fencing,fencing
figure skating - individual women,figure skating,figure skating
figure skating - individual men,figure skating,figure skating
figure skating - pairs mixed,figure skating,figure skating
football - women,football,football
football - men,football,football
football - football women,football,football
football - football men,football,football
football - tournament men,football,football
football - tournament women,football,football
golf - women's individual stroke play,golf,golf
golf - men's individual stroke play,golf,golf
golf - individual men,golf,golf
golf - individual women,golf,golf
artistic gymnastics - women's vault,gymnastics,gymnastics artistic
artistic gymnastics - men's all-around,gymnastics,gymnastics artistic
artistic gymnastics - women's balance beam,gymnastics,gymnastics artistic
artistic gymnastics - women's all-around,gymnastics,gymnastics artistic
artistic gymnastics - men's horizontal bar,gymnastics,gymnastics artistic
artistic gymnastics - men's pommel horse,gymnastics,gymnastics artistic
artistic gymnastics - men's vault,gymnastics,gymnastics artistic
artistic gymnastics - women's floor exercise,gymnastics,gymnastics artistic
artistic gymnastics - women's uneven bars,gymnastics,gymnastics artistic
artistic gymnastics - men's parallel bars,gymnastics,gymnastics artistic
artistic gymnastics - men's floor exercise,gymnastics,gymnastics artistic
artistic gymnastics - men's rings,gymnastics,gymnastics artistic
artistic gymnastics - men's team,gymnastics,gymnastics artistic
artistic gymnastics - women's team,gymnastics,gymnastics artistic
gymnastics artistic - horizontal bar men,gymnastics,gymnastics artistic
gymnastics artistic - floor exercises men,gymnastics,gymnastics artistic
gymnastics artistic - rings men,gymnastics,gymnastics artistic
gymnastics artistic - uneven bars women,gymnastics,gymnastics artistic
gymnastics artistic - floor exercises women,gymnastics,gymnastics artistic
gymnastics artistic - parallel bars men,gymnastics,gymnastics artistic
gymnastics artistic - balance beam women,gymnastics,gymnastics artistic
gymnastics artistic - vault women,gymnastics,gymnastics artistic
gymnastics artistic - pommel horse men,gymnastics,gymnastics artistic
gymnastics artistic - vault men,gymnastics,gymnastics artistic
gymnastics artistic - individual all-round women,gymnastics,gymnastics artistic
gymnastics artistic - individual all-round men,gymnastics,gymnastics artistic
gymnastics artistic - rope climbing men,gymnastics,gymnastics artistic
gymnastics artistic - indian clubs men,gymnastics,gymnastics artistic
gymnastics artistic - tumbling men,gymnastics,gymnastics artistic
gymnastics artistic - sidehorse vault men,gymnastics,gymnastics artistic
gymnastics artistic - team competition men,gymnastics,gymnastics artistic
gymnastics artistic - team competition women,gymnastics,gymnastics artistic
gymnastics artistic - team all-around men,gymnastics,gymnastics artistic
gymnastics artistic - team portable apparatus women,gymnastics,gymnastics artistic
gymnastics artistic - team free system men,gymnastics,gymnastics artistic
gymnastics artistic - team swedish system men,gymnastics,gymnastics artistic
gymnastics rhythmic - individual all-around women,gymnastics,gymnastics rhythmic
gymnastics rhythmic - individual all-round women,gymnastics,gymnastics rhythmic
gymnastics rhythmic - group all-around women,gymnastics,gymnastics rhythmic
gymnastics rhythmic - group competition women,gymnastics,gymnastics rhythmic
rhythmic gymnastics - individual all-around,gymnastics,gymnastics rhythmic
rhythmic gymnastics - group all-around,gymnastics,gymnastics rhythmic
handball - men,handball,handball
handball - women,handball,handball
handball - handball men,handball,handball
handball - handball women,handball,handball
hockey - men,hockey,hockey
hockey - women,hockey,hockey
hockey - hockey women,hockey,hockey
hockey - hockey men,hockey,hockey
hockey - tournament men,hockey,hockey
hockey - tournament women,hockey,hockey
ice hockey - ice hockey men,ice hockey,ice hockey
judo - women -57 kg,judo,judo
judo - women +78 kg,judo,judo
judo - women -70 kg,judo,judo
judo - women -78 kg,judo,judo
judo - men -81 kg,judo,judo
judo - men -66 kg,judo,judo
judo - men -73 kg,judo,judo
judo - women -48 kg,judo,judo
judo - men +100 kg,judo,judo
judo - men -90 kg,judo,judo
judo - men -100 kg,judo,judo
judo - men -60 kg,judo,judo
judo - women -63 kg,judo,judo
judo - women -52 kg,judo,judo
judo - 70 - 78kg (half-heavyweight) women,judo,judo
judo - - 48 kg women,judo,judo
judo - 60 - 66kg (half-lightweight) men,judo,judo
judo - 63  70kg middleweight women,judo,judo
judo - 52  57kg lightweight women,judo,judo
judo - 81  90kg middleweight men,judo,judo
judo - + 100kg (heavyweight) men,judo,judo
judo - 90 - 100kg (half-heavyweight) men,judo,judo
judo - - 60 kg men,judo,judo
judo - 73 - 81kg (half-middleweight) men,judo,judo
judo - 57 - 63kg (half-middleweight) women,judo,judo
judo - + 78kg (heavyweight) women,judo,judo
judo - 66  73kg lightweight men,judo,judo
judo - 48 - 52kg (half-lightweight) women,judo,judo
judo - 90  100kg halfheavyweight men,judo,judo
judo - 48  52kg halflightweight women,judo,judo
judo - 48 kg women,judo,judo
judo - 70  78kg halfheavyweight women,judo,judo
judo - 60  66kg halflightweight men,judo,judo
judo - 78kg heavyweight women,judo,judo
judo - 60 kg men,judo,judo
judo - 100kg heavyweight men,judo,judo
judo - - 60 kg -extralightweight men,judo,judo
judo - - 48 kg - extralightweight women,judo,judo
judo - athens 2004 judo - 60 kg men,judo,judo
judo - athens 2004 judo - 48 kg women,judo,judo
judo - 73  81kg halfmiddleweight men,judo,judo
judo - 57  63kg halfmiddleweight women,judo,judo
judo - sydney 2000 judo - 60 kg men,judo,judo
judo - 48kg extralightweight women,judo,judo
judo - 66  72kg halfheavyweight women,judo,judo
judo - 56  61kg halfmiddleweight women,judo,judo
judo - atlanta 1996 judo - 60 kg men,judo,judo
judo - 61  66kg middleweight women,judo,judo
judo - 72kg heavyweight women,judo,judo
judo - 52  56kg lightweight women,judo,judo
judo - 78  86kg middleweight men,judo,judo
judo - 86  95kg halfheavyweight men,judo,judo
judo - 60 - 65kg (half-lightweight) men,judo,judo
judo - + 95kg (heavyweight) men,judo,judo
judo - 71 - 78kg (half-middleweight) men,judo,judo
judo - 65 - 71kg (lightweight) men,judo,judo
judo - 95kg heavyweight men,judo,judo
judo - 71  78kg halfmiddleweight men,judo,judo
judo - open category men,judo,judo
judo - 60  65kg halflightweight men,judo,judo
judo - 63  70kg halfmiddleweight men,judo,judo
judo - 80 - 93kg (half-heavyweight) men,judo,judo
judo - 70  80kg middleweight men,judo,judo
judo - 93kg heavyweight men,judo,judo
judo - - 63kg (lightweight) men,judo,judo
judo - 63kg lightweight men,judo,judo
judo - 68kg lightweight men,judo,judo
judo - 80kg heavyweight men,judo,judo
judo - 68  80kg middleweight men,judo,judo
judo - mixed team,judo,judo
karate - women's kumite -55kg,karate,karate
karate - men's kumite -75kg,karate,karate
karate - women's kumite -61kg,karate,karate
karate - women's kumite +61kg,karate,karate
karate - women's kata,karate,karate
karate - men's kata,karate,karate
karate - men's kumite +75kg,karate,karate
karate - men's kumite -67kg,karate,karate
modern pentathlon - men's individual,modern pentathlon,modern pentathlon
modern pentathlon - women's individual,modern pentathlon,modern pentathlon
modern pentathlon - individual competition women,modern pentathlon,modern pentathlon
modern pentathlon - individual competition men,modern pentathlon,modern pentathlon
modern pentathlon - team competition men,modern pentathlon,modern pentathlon
polo - polo men,polo,polo
rowing - women's single sculls,rowing,rowing
rowing - men's single sculls,rowing,rowing
rowing - single sculls 1x men,rowing,rowing
rowing - single sculls 1x women,rowing,rowing
rowing - women's double sculls,rowing,rowing
rowing - lightweight women's double sculls,rowing,rowing
rowing - women's eight,rowing,rowing
rowing - men's eight,rowing,rowing
rowing - men's quadruple sculls,rowing,rowing
rowing - women's quadruple sculls,rowing,rowing
rowing - men's pair,rowing,rowing
rowing - women's pair,rowing,rowing
rowing - women's four,rowing,rowing
rowing - lightweight men's double sculls,rowing,rowing
rowing - men's four,rowing,rowing
rowing - men's double sculls,rowing,rowing
rowing - lightweight double sculls 2x men,rowing,rowing
rowing - four without coxswain 4 men,rowing,rowing
rowing - double sculls 2x men,rowing,rowing
rowing - double sculls 2x women,rowing,rowing
rowing - quadruple sculls without coxswain (4x) women,rowing,rowing
rowing - lightweight coxless four 4 men,rowing,rowing
rowing - eight with coxswain 8 men,rowing,rowing
rowing - eight with coxswain 8 women,rowing,rowing
rowing - lightweight double sculls 2x women,rowing,rowing
rowing - pair without coxswain 2 men,rowing,rowing
rowing - pair without coxswain 2 women,rowing,rowing
rowing - quadruple sculls without coxswain (4x) men,rowing,rowing
rowing - quadruple sculls without coxsw men,rowing,rowing
rowing - quadruple sculls without coxsw women,rowing,rowing
rowing - coxless four 4 women,rowing,rowing
rowing - four-oared shell with coxswain men,rowing,rowing
rowing - pair-oared shell with coxswain men,rowing,rowing
rowing - quadruple sculls men,rowing,rowing
rowing - fouroared shell with coxswain 4 women,rowing,rowing
rowing - quadruple sculls with coxswain women,rowing,rowing
rugby - rugby-7 men,rugby,rugby sevens
rugby - rugby-7 women,rugby,rugby sevens
rugby - rugby men,rugby,rugby union
rugby sevens - men,rugby,rugby sevens
rugby sevens - women,rugby,rugby sevens
sailing - finn men,sailing,sailing
sailing - laser radial women,sailing,sailing
sailing - laser men,sailing,sailing
sailing - rs:x men,sailing,sailing
sailing - rs:x women,sailing,sailing
sailing - laser - one person dinghy men,sailing,sailing
sailing - rs:x - windsurfer women,sailing,sailing
sailing - rs:x - windsurfer men,sailing,sailing
sailing - finn - one person dinghy (heavyweight) men,sailing,sailing
sailing - laser radial - one person dinghy women,sailing,sailing
sailing - rsx - windsurfer men,sailing,sailing
sailing - rsx - windsurfer women,sailing,sailing
sailing - finn - heavyweight dinghy mixed,sailing,sailing
sailing - mistral - windsurfer men,sailing,sailing
sailing - singlehanded dinghy europe women,sailing,sailing
sailing - single-handed dinghy open (laser) mixed,sailing,sailing
sailing - board mistral women,sailing,sailing
sailing - single-handed dinghy (europe) women,sailing,sailing
sailing - board lechner women,sailing,sailing
sailing - lechner - windsurfer men,sailing,sailing
sailing - division ii - windsurfer men,sailing,sailing
sailing - windglider - windsurfer men,sailing,sailing
sailing - firefly class mixed,sailing,sailing
sailing - olympic class monotype mixed,sailing,sailing
sailing - 470 men,sailing,sailing
sailing - nacra 17 mixed,sailing,sailing
sailing - 49er fx women,sailing,sailing
sailing - 470 women,sailing,sailing
sailing - 49er men,sailing,sailing
sailing - 470 - two person dinghy men,sailing,sailing
sailing - 49er fx women women,sailing,sailing
sailing - 470 - two person dinghy women,sailing,sailing
sailing - 49er - skiff men,sailing,sailing
sailing - nacra 17 mixed mixed,sailing,sailing
sailing - star - keelboat men,sailing,sailing
sailing - elliott 6m - match racing women,sailing,sailing
sailing - tornado - multihull mixed,sailing,sailing
sailing - yngling - keelboat women,sailing,sailing
sailing - 49er - skiff mixed,sailing,sailing
sailing - fleetmatch race keelboat open soling mixed,sailing,sailing
sailing - twoperson keelboat open star mixed,sailing,sailing
sailing - flying dutchman mixed,sailing,sailing
sailing - tempest mixed,sailing,sailing
sailing - dragon mixed,sailing,sailing
sailing - 5.5m mixed,sailing,sailing
sailing - sharpie 12m2 mixed,sailing,sailing
sailing - 6m mixed,sailing,sailing
sailing - swallow golondrina mixed,sailing,sailing
sailing - 8m mixed,sailing,sailing
sailing - 12m rating 1919 mixed,sailing,sailing
sailing - 7m mixed,sailing,sailing
sailing - 40m sq mixed,sailing,sailing
sailing - 12m rating 1907 mixed,sailing,sailing
sailing - 6m rating 1919 men,sailing,sailing
sailing - 8m rating 1907 mixed,sailing,sailing
sailing - 65m rating 1919 mixed,sailing,sailing
sailing - 30m sq mixed,sailing,sailing
sailing - 10m rating 1919 mixed,sailing,sailing
sailing - 12 foot dinghy mixed,sailing,sailing
sailing - 8m rating 1919 men,sailing,sailing
sailing - 6m rating 1907 mixed,sailing,sailing
sailing - 10m rating 1907 mixed,sailing,sailing
sailing - men's windsurfing,sailing,sailing
sailing - women's windsurfing,sailing,sailing
sailing - men's dinghy,sailing,sailing
sailing - women's dinghy,sailing,sailing
sailing - women's kite,sailing,sailing
sailing - men's kite,sailing,sailing
sailing - men's skiff,sailing,sailing
sailing - women's skiff,sailing,sailing
sailing - mixed dinghy,sailing,sailing
sailing - mixed multihull,sailing,sailing
shooting - 50m rifle 3 positions women,shooting,shooting
shooting - 50m rifle 3 positions men,shooting,shooting
shooting - 25m rapid fire pistol men,shooting,shooting
shooting - 10m air rifle men,shooting,shooting
shooting - 10m air rifle women,shooting,shooting
shooting - trap men,shooting,shooting
shooting - skeet women,shooting,shooting
shooting - trap women,shooting,shooting
shooting - 10m air pistol women,shooting,shooting
shooting - 25m pistol women,shooting,shooting
shooting - 10m air pistol men,shooting,shooting
shooting - skeet men,shooting,shooting
shooting - 25m pistol (30+30 shots) women,shooting,shooting
shooting - 25m rapid fire pistol 60 shots men,shooting,shooting
shooting - 50m pistol 60 shots men,shooting,shooting
shooting - 50m rifle 3 positions 3x40 shots men,shooting,shooting
shooting - double trap 150 targets men,shooting,shooting
shooting - skeet (125 targets) men,shooting,shooting
shooting - 10m air pistol 60 shots men,shooting,shooting
shooting - 10m air rifle 60 shots men,shooting,shooting
shooting - trap 125 targets men,shooting,shooting
shooting - 50m rifle prone 60 shots men,shooting,shooting
shooting - 25m pistol 3030 shots women,shooting,shooting
shooting - 10m air pistol 40 shots women,shooting,shooting
shooting - 50m rifle 3 positions 3x20 shots women,shooting,shooting
shooting - 10m air rifle 40 shots women,shooting,shooting
shooting - trap 75 targets women,shooting,shooting
shooting - skeet 75 targets women,shooting,shooting
shooting - double trap 120 targets women,shooting,shooting
shooting - 10m running target 3030 shot men,shooting,shooting
shooting - 50m running target 3030 shot men,shooting,shooting
shooting - trap (125 targets) mixed,shooting,shooting
shooting - skeet (125 targets) mixed,shooting,shooting
shooting - 50m rifle prone 60 shots mixed,shooting,shooting
shooting - 50m running target 3030 shots mixed,shooting,shooting
shooting - 50m rifle 3 positions 3x40 shots mixed,shooting,shooting
shooting - 25m rapid fire pistol 60 shots mixed,shooting,shooting
shooting - 50m pistol 60 shots mixed,shooting,shooting
shooting - 300m free rifle 3 positions 3x40 shots mixed,shooting,shooting
shooting - 300m free rifle 3 positions 3 men,shooting,shooting
shooting - 100m running deer singledouble shots men,shooting,shooting
shooting - 300m free rifle 3 positions standing men,shooting,shooting
shooting - 600m free rifle individual men,shooting,shooting
shooting - 100m running deer double shots men,shooting,shooting
shooting - 100m running deer single shots men,shooting,shooting
shooting - army rifle 300m prone men,shooting,shooting
"shooting - clay pigeons, individual men",shooting,shooting
shooting - 600m free rifle prone men,shooting,shooting
shooting - army rifle 300m standing men,shooting,shooting
shooting - 50m small bore rifle standing individual men,shooting,shooting
shooting - trap mixed team,shooting,shooting
shooting - 10m air rifle mixed team,shooting,shooting
shooting - 10m air pistol mixed team,shooting,shooting
shooting - clay pigeons team men,shooting,shooting
shooting - 400 600 800m free rifle team men,shooting,shooting
shooting - 100m running deer single shots team men,shooting,shooting
shooting - 100m running deer double shots team men,shooting,shooting
shooting - free rifle team men,shooting,shooting
shooting - 50m small bore rifle team men,shooting,shooting
shooting - 300m free rifle prone team men,shooting,shooting
shooting - 30m army pistol team men,shooting,shooting
shooting - 300600m free rifle team prone men,shooting,shooting
shooting - 50m army pistol team men,shooting,shooting
shooting - 300m free rifle standing team men,shooting,shooting
shooting - 600m free rifle team men,shooting,shooting
shooting - skeet mixed team,shooting,shooting
skateboarding - women's street,skateboarding,skateboarding
skateboarding - men's park,skateboarding,skateboarding
skateboarding - women's park,skateboarding,skateboarding
skateboarding - men's street,skateboarding,skateboarding
sport climbing - men's combined,sport climbing,sport climbing
sport climbing - women's combined,sport climbing,sport climbing
sport climbing - women's speed,sport climbing,sport climbing
sport climbing - men's speed,sport climbing,sport climbing
sport climbing - men's boulder & lead,sport climbing,sport climbing
sport climbing - women's boulder & lead,sport climbing,sport climbing
surfing - women,surfing,surfing
surfing - men,surfing,surfing
marathon swimming - women's 10km,swimming,marathon swimming
marathon swimming - men's 10km,swimming,marathon swimming
marathon swimming - marathon - 10 km men,swimming,marathon swimming
marathon swimming - marathon - 10 km women,swimming,marathon swimming
marathon swimming - marathon 10km women,swimming,marathon swimming
artistic swimming - duet,swimming,artistic swimming
artistic swimming - team,swimming,artistic swimming
swimming - men's 400m individual medley,swimming,swimming
swimming - women's 800m freestyle,swimming,swimming
swimming - women's 100m breaststroke,swimming,swimming
swimming - men's 200m breaststroke,swimming,swimming
swimming - women's 50m freestyle,swimming,swimming
swimming - women's 200m butterfly,swimming,swimming
swimming - women's 200m backstroke,swimming,swimming
swimming - women's 1500m freestyle,swimming,swimming
swimming - men's 400m freestyle,swimming,swimming
swimming - men's 200m butterfly,swimming,swimming
swimming - women's 400m individual medley,swimming,swimming
swimming - men's 100m freestyle,swimming,swimming
swimming - women's 200m breaststroke,swimming,swimming
swimming - women's 100m backstroke,swimming,swimming
swimming - men's 50m freestyle,swimming,swimming
swimming - men's 200m freestyle,swimming,swimming
swimming - men's 100m backstroke,swimming,swimming
swimming - men's 100m breaststroke,swimming,swimming
swimming - women's 100m freestyle,swimming,swimming
swimming - men's 1500m freestyle,swimming,swimming
swimming - women's 200m freestyle,swimming,swimming
swimming - men's 800m freestyle,swimming,swimming
swimming - men's 100m butterfly,swimming,swimming
swimming - women's 100m butterfly,swimming,swimming
swimming - men's 200m backstroke,swimming,swimming
swimming - women's 400m freestyle,swimming,swimming
swimming - men's 200m individual medley,swimming,swimming
swimming - women's 200m individual medley,swimming,swimming
swimming - 100m backstroke women,swimming,swimming
swimming - 200m individual medley men,swimming,swimming
swimming - 200m breaststroke women,swimming,swimming
swimming - 100m breaststroke women,swimming,swimming
swimming - 400m individual medley women,swimming,swimming
swimming - 400m individual medley men,swimming,swimming
swimming - 100m breaststroke men,swimming,swimming
swimming - 400m freestyle women,swimming,swimming
swimming - 200m freestyle women,swimming,swimming
swimming - 200m butterfly men,swimming,swimming
swimming - 200m butterfly women,swimming,swimming
swimming - 200m backstroke women,swimming,swimming
swimming - 800m freestyle women,swimming,swimming
swimming - 100m butterfly women,swimming,swimming
swimming - 200m backstroke men,swimming,swimming
swimming - 50m freestyle men,swimming,swimming
swimming - 100m freestyle men,swimming,swimming
swimming - 200m individual medley women,swimming,swimming
swimming - 100m backstroke men,swimming,swimming
swimming - 100m butterfly men,swimming,swimming
swimming - 100m freestyle women,swimming,swimming
swimming - 200m breaststroke men,swimming,swimming
swimming - 200m freestyle men,swimming,swimming
swimming - 1500m freestyle men,swimming,swimming
swimming - 400m freestyle men,swimming,swimming
swimming - 50m freestyle women,swimming,swimming
swimming - 400m breaststroke men,swimming,swimming
swimming - 300m freestyle women,swimming,swimming
swimming - mixed 4 x 100m medley relay,swimming,swimming
swimming - men's 4 x 100m medley relay,swimming,swimming
swimming - men's 4 x 200m freestyle relay,swimming,swimming
swimming - women's 4 x 100m freestyle relay,swimming,swimming
swimming - men's 4 x 100m freestyle relay,swimming,swimming
swimming - women's 4 x 200m freestyle relay,swimming,swimming
swimming - women's 4 x 100m medley relay,swimming,swimming
swimming - 4x200m freestyle relay men,swimming,swimming
swimming - 4x100m medley relay women,swimming,swimming
swimming - 4x100m medley relay men,swimming,swimming
swimming - 4x200m freestyle relay women,swimming,swimming
swimming - 4x100m freestyle relay women,swimming,swimming
swimming - 4x100m freestyle men,swimming,swimming
swimming - 4x100m freestyle relay men,swimming,swimming
synchronized swimming - solo women,swimming,synchronized swimming
synchronized swimming - duet women,swimming,synchronized swimming
synchronized swimming - team women,swimming,synchronized swimming
table tennis - men's singles,table tennis,table tennis
table tennis - women's singles,table tennis,table tennis
table tennis - singles men,table tennis,table tennis
table tennis - singles women,table tennis,table tennis
table tennis - women's team,table tennis,table tennis
table tennis - mixed doubles,table tennis,table tennis
table tennis - men's team,table tennis,table tennis
table tennis - team men,table tennis,table tennis
table tennis - team women,table tennis,table tennis
table tennis - doubles women,table tennis,table tennis
table tennis - doubles men,table tennis,table tennis
taekwondo - men -68kg,taekwondo,taekwondo
taekwondo - men -80kg,taekwondo,taekwondo
taekwondo - men +80kg,taekwondo,taekwondo
taekwondo - women +67kg,taekwondo,taekwondo
taekwondo - women -67kg,taekwondo,taekwondo
taekwondo - women -57kg,taekwondo,taekwondo
taekwondo - men -58kg,taekwondo,taekwondo
taekwondo - women -49kg,taekwondo,taekwondo
taekwondo - + 80 kg men,taekwondo,taekwondo
taekwondo - 58 - 68 kg men,taekwondo,taekwondo
taekwondo - 68 - 80 kg men,taekwondo,taekwondo
taekwondo - - 58 kg men,taekwondo,taekwondo
taekwondo - - 49 kg women,taekwondo,taekwondo
taekwondo - 57 - 67 kg women,taekwondo,taekwondo
taekwondo - 49 - 57 kg women,taekwondo,taekwondo
taekwondo - + 67 kg women,taekwondo,taekwondo
taekwondo - 80 kg men,taekwondo,taekwondo
taekwondo - 58 kg men,taekwondo,taekwondo
taekwondo - 67 kg women,taekwondo,taekwondo
taekwondo - 49 kg women,taekwondo,taekwondo
taekwondo - beijing 2008 taekwondo - 49 kg women,taekwondo,taekwondo
taekwondo - beijing 2008 taekwondo - 58 kg men,taekwondo,taekwondo
taekwondo - athens 2004 taekwondo - 58 kg men,taekwondo,taekwondo
taekwondo - athens 2004 taekwondo - 49 kg women,taekwondo,taekwondo
tennis - men's singles,tennis,tennis
tennis - women's singles,tennis,tennis
tennis - singles women,tennis,tennis
tennis - singles men,tennis,tennis
tennis - mixed doubles,tennis,tennis
tennis - men's doubles,tennis,tennis
tennis - women's doubles,tennis,tennis
tennis - doubles men,tennis,tennis
tennis - doubles women,tennis,tennis
tennis - mixed doubles mixed,tennis,tennis
trampoline - individual men,trampoline,trampoline
trampoline - individual women,trampoline,trampoline
trampoline gymnastics - men,trampoline,trampoline gymnastics
trampoline gymnastics - women,trampoline,trampoline gymnastics
triathlon - women's individual,triathlon,triathlon
triathlon - men's individual,triathlon,triathlon
triathlon - individual men,triathlon,triathlon
triathlon - individual women,triathlon,triathlon
triathlon - mixed relay,triathlon,triathlon
tug of war - tug of war men,tug of war,tug of war
volleyball - men,volleyball,volleyball
volleyball - women,volleyball,volleyball
volleyball - volleyball women,volleyball,volleyball
volleyball - volleyball men,volleyball,volleyball
water polo - men,water polo,water polo
water polo - women,water polo,water polo
water polo - water polo men,water polo,water polo
water polo - water polo women,water polo,water polo
weightlifting - men's 61kg,weightlifting,weightlifting
weightlifting - women's 55kg,weightlifting,weightlifting
weightlifting - men's 67kg,weightlifting,weightlifting
weightlifting - men's 81kg,weightlifting,weightlifting
weightlifting - women's +87kg,weightlifting,weightlifting
weightlifting - women's 87kg,weightlifting,weightlifting
weightlifting - men's +109kg,weightlifting,weightlifting
weightlifting - women's 59kg,weightlifting,weightlifting
weightlifting - women's 64kg,weightlifting,weightlifting
weightlifting - men's 73kg,weightlifting,weightlifting
weightlifting - women's 49kg,weightlifting,weightlifting
weightlifting - men's 96kg,weightlifting,weightlifting
weightlifting - women's 76kg,weightlifting,weightlifting
weightlifting - men's 109kg,weightlifting,weightlifting
weightlifting - 75kg women,weightlifting,weightlifting
weightlifting - 63kg women,weightlifting,weightlifting
weightlifting - 105kg heavyweight men,weightlifting,weightlifting
weightlifting - -56kg (bantamweight) men,weightlifting,weightlifting
weightlifting - 53kg women,weightlifting,weightlifting
weightlifting - 85kg men,weightlifting,weightlifting
weightlifting - 62kg featherweight men,weightlifting,weightlifting
weightlifting - +105kg men,weightlifting,weightlifting
weightlifting - 94kg men,weightlifting,weightlifting
weightlifting - 69kg women,weightlifting,weightlifting
weightlifting - +75kg women,weightlifting,weightlifting
weightlifting - 69kg men,weightlifting,weightlifting
weightlifting - 58kg women,weightlifting,weightlifting
weightlifting - 77kg men,weightlifting,weightlifting
weightlifting - 48kg women,weightlifting,weightlifting
weightlifting - 105kg superheavyweight men,weightlifting,weightlifting
weightlifting - 56kg bantamweight men,weightlifting,weightlifting
weightlifting - 56kg men,weightlifting,weightlifting
weightlifting - 99  108kg heavyweight men,weightlifting,weightlifting
weightlifting - 91 - 99kg (first-heavyweight) men,weightlifting,weightlifting
weightlifting - 64  70kg lightweight men,weightlifting,weightlifting
weightlifting - 70  76kg middleweight men,weightlifting,weightlifting
weightlifting - 54kg flyweight men,weightlifting,weightlifting
weightlifting - 83 - 91kg middle-heavyweight men,weightlifting,weightlifting
weightlifting - 59  64kg featherweight men,weightlifting,weightlifting
weightlifting - 108kg super heavyweight men,weightlifting,weightlifting
weightlifting - 54  59kg bantamweight men,weightlifting,weightlifting
weightlifting - 76  83kg lightheavyweight men,weightlifting,weightlifting
weightlifting - 60-67.5kg lightweight men,weightlifting,weightlifting
weightlifting - 82.5 - 90kg (middle-heavyweight) men,weightlifting,weightlifting
weightlifting - 90  100kg firstheavyweight men,weightlifting,weightlifting
weightlifting - 52kg flyweight men,weightlifting,weightlifting
weightlifting - 75  825kg lightheavyweight men,weightlifting,weightlifting
weightlifting - 56 - 60kg (featherweight) men,weightlifting,weightlifting
weightlifting - 110kg super heavyweight men,weightlifting,weightlifting
weightlifting - 67.5-75kg middleweight men,weightlifting,weightlifting
weightlifting - 100  110kg heavyweight men,weightlifting,weightlifting
weightlifting - - 52kg (flyweight) men,weightlifting,weightlifting
weightlifting - 60 - 67.5kg (lightweight) men,weightlifting,weightlifting
weightlifting - 825  90kg middleheavyweight men,weightlifting,weightlifting
weightlifting - 90 - 100kg (first-heavyweight) men,weightlifting,weightlifting
"weightlifting - 67.5 - 75kg, (middleweight) men",weightlifting,weightlifting
weightlifting - 91  110kg heavyweight men,weightlifting,weightlifting
weightlifting - 75-82.5kg total lightheavyweight men,weightlifting,weightlifting
weightlifting - 52  56kg bantamweight men,weightlifting,weightlifting
weightlifting - 825  90kg total middleheavyweight men,weightlifting,weightlifting
weightlifting - 90kg heavyweight men,weightlifting,weightlifting
weightlifting - 82.5kg heavyweight men,weightlifting,weightlifting
weightlifting - 60kg featherweight men,weightlifting,weightlifting
weightlifting - 60  675kg onetwo hand 5 events lightweight men,weightlifting,weightlifting
weightlifting - 60kg onetwo hand 5 events featherweight men,weightlifting,weightlifting
weightlifting - 75  825kg onetwo hand 5 e lightheavyweight men,weightlifting,weightlifting
weightlifting - 825kg onetwo hand 5 events heavyweight men,weightlifting,weightlifting
weightlifting - 675  75kg onetwo hand 5 events middleweight men,weightlifting,weightlifting
weightlifting - 675  75kg onetwo hand 3 events middleweight men,weightlifting,weightlifting
weightlifting - 60kg onetwo hand 3 events featherweight men,weightlifting,weightlifting
weightlifting - 75  825kg onetwo hand 3 e lightheavyweight men,weightlifting,weightlifting
weightlifting - 825kg onetwo hand 3 events heavyweight men,weightlifting,weightlifting
weightlifting - 60  675kg onetwo hand 3 events lightweight men,weightlifting,weightlifting
weightlifting - men's 89kg,weightlifting,weightlifting
weightlifting - women's 71kg,weightlifting,weightlifting
weightlifting - men's +102kg,weightlifting,weightlifting
weightlifting - men's 102kg,weightlifting,weightlifting
weightlifting - women's 81kg,weightlifting,weightlifting
weightlifting - women's +81kg,weightlifting,weightlifting
wrestling - men's freestyle 57kg,wrestling,wrestling
wrestling - women's freestyle 53kg,wrestling,wrestling
wrestling - men's greco-roman 97kg,wrestling,wrestling
wrestling - men's freestyle 74kg,wrestling,wrestling
wrestling - men's freestyle 65kg,wrestling,wrestling
wrestling - men's freestyle 86kg,wrestling,wrestling
wrestling - men's greco-roman 77kg,wrestling,wrestling
wrestling - women's freestyle 68kg,wrestling,wrestling
wrestling - women's freestyle 50kg,wrestling,wrestling
wrestling - men's greco-roman 67kg,wrestling,wrestling
wrestling - women's freestyle 76kg,wrestling,wrestling
wrestling - men's greco-roman 130kg,wrestling,wrestling
wrestling - men's greco-roman 87kg,wrestling,wrestling
wrestling - men's greco-roman 60kg,wrestling,wrestling
wrestling - women's freestyle 57kg,wrestling,wrestling
wrestling - men's freestyle 125kg,wrestling,wrestling
wrestling - women's freestyle 62kg,wrestling,wrestling
wrestling - men's freestyle 97kg,wrestling,wrestling
wrestling - freestyle 48 kg women,wrestling,wrestling
wrestling - freestyle 69 kg women,wrestling,wrestling
wrestling - freestyle 86 kg men,wrestling,wrestling
wrestling - greco-roman 59 kg men,wrestling,wrestling
wrestling - freestyle 53 kg women,wrestling,wrestling
wrestling - greco-roman 85kg men,wrestling,wrestling
wrestling - greco-roman 130 kg men,wrestling,wrestling
wrestling - freestyle 75 kg women,wrestling,wrestling
wrestling - freestyle 65 kg men,wrestling,wrestling
wrestling - greco-roman 98 kg men,wrestling,wrestling
wrestling - freestyle 58 kg women,wrestling,wrestling
wrestling - freestyle 125 kg men,wrestling,wrestling
wrestling - freestyle 63 kg women,wrestling,wrestling
wrestling - greco-roman 75 kg men,wrestling,wrestling
wrestling - freestyle 57 kg men,wrestling,wrestling
wrestling - greco-roman 66 kg men,wrestling,wrestling
wrestling - freestyle 97 kg men,wrestling,wrestling
wrestling - freestyle 74 kg men,wrestling,wrestling
wrestling - greco-roman 84 kg men,wrestling,wrestling
wrestling - greco-roman 60 kg men,wrestling,wrestling
wrestling - freestyle 120kg men,wrestling,wrestling
wrestling - freestyle 66 kg men,wrestling,wrestling
wrestling - freestyle 55 kg men,wrestling,wrestling
wrestling - freestyle 72 kg women,wrestling,wrestling
wrestling - freestyle 84 kg men,wrestling,wrestling
wrestling - greco-roman 96 kg men,wrestling,wrestling
wrestling - greco-roman 74 kg men,wrestling,wrestling
wrestling - freestyle 55 kg women,wrestling,wrestling
wrestling - greco-roman 120 kg men,wrestling,wrestling
wrestling - freestyle 60 kg men,wrestling,wrestling
wrestling - greco-roman 55 kg men,wrestling,wrestling
wrestling - freestyle 96 kg men,wrestling,wrestling
"wrestling - featherweight, freestyle (≤55 kilograms) men",wrestling,wrestling
"wrestling - super-heavyweight, freestyle (≤120 kilograms) men",wrestling,wrestling
"wrestling - middleweight, freestyle (≤63 kilograms) women",wrestling,wrestling
"wrestling - lightweight, freestyle (≤60 kilograms) men",wrestling,wrestling
"wrestling - heavyweight, greco-roman (≤96 kilograms) men",wrestling,wrestling
"wrestling - light-heavyweight, freestyle (≤84 kilograms) men",wrestling,wrestling
"wrestling - light-heavyweight, greco-roman (≤84 kilograms) men",wrestling,wrestling
"wrestling - featherweight, greco-roman (≤55 kilograms) men",wrestling,wrestling
"wrestling - welterweight, freestyle (≤66 kilograms) men",wrestling,wrestling
"wrestling - lightweight, greco-roman (≤60 kilograms) men",wrestling,wrestling
"wrestling - lightweight, freestyle (≤55 kilograms) women",wrestling,wrestling
"wrestling - middleweight, greco-roman (≤74 kilograms) men",wrestling,wrestling
"wrestling - heavyweight, freestyle (≤72 kilograms) women",wrestling,wrestling
"wrestling - middleweight, freestyle (≤74 kilograms) men",wrestling,wrestling
"wrestling - flyweight, freestyle (≤48 kilograms) women",wrestling,wrestling
"wrestling - super-heavyweight, greco-roman (≤120 kilograms) men",wrestling,wrestling
"wrestling - welterweight, greco-roman (≤66 kilograms) men",wrestling,wrestling
"wrestling - heavyweight, freestyle (≤96 kilograms) men",wrestling,wrestling
"wrestling - bantamweight, greco-roman (≤54 kilograms) men",wrestling,wrestling
"wrestling - light-heavyweight, freestyle (≤85 kilograms) men",wrestling,wrestling
"wrestling - super-heavyweight, freestyle (≤130 kilograms) men",wrestling,wrestling
"wrestling - super-heavyweight, greco-roman (≤130 kilograms) men",wrestling,wrestling
"wrestling - light-heavyweight, greco-roman (≤85 kilograms) men",wrestling,wrestling
"wrestling - lightweight, greco-roman (≤63 kilograms) men",wrestling,wrestling
"wrestling - middleweight, freestyle (≤76 kilograms) men",wrestling,wrestling
"wrestling - bantamweight, freestyle (≤54 kilograms) men",wrestling,wrestling
"wrestling - welterweight, freestyle (≤69 kilograms) men",wrestling,wrestling
"wrestling - welterweight, greco-roman (≤69 kilograms) men",wrestling,wrestling
"wrestling - featherweight, greco-roman (≤58 kilograms) men",wrestling,wrestling
"wrestling - heavyweight, freestyle (>97 kilograms) men",wrestling,wrestling
"wrestling - lightweight, freestyle (≤63 kilograms) men",wrestling,wrestling
"wrestling - heavyweight, greco-roman (>97 kilograms) men",wrestling,wrestling
"wrestling - middleweight, greco-roman (≤76 kilograms) men",wrestling,wrestling
"wrestling - featherweight, freestyle (≤58 kilograms) men",wrestling,wrestling
"wrestling - light-heavyweight, greco-roman (≤90 kilograms) men",wrestling,wrestling
"wrestling - welterweight, freestyle (≤74 kilograms) men",wrestling,wrestling
"wrestling - bantamweight, freestyle (≤57 kilograms) men",wrestling,wrestling
"wrestling - light-heavyweight, freestyle (≤90 kilograms) men",wrestling,wrestling
"wrestling - bantamweight, greco-roman (≤57 kilograms) men",wrestling,wrestling
"wrestling - flyweight, greco-roman (≤52 kilograms) men",wrestling,wrestling
"wrestling - heavyweight, freestyle (≤100 kilograms) men",wrestling,wrestling
"wrestling - featherweight, freestyle (≤62 kilograms) men",wrestling,wrestling
"wrestling - light-flyweight, freestyle (≤48 kilograms) men",wrestling,wrestling
"wrestling - middleweight, freestyle (≤82 kilograms) men",wrestling,wrestling
"wrestling - middleweight, greco-roman (≤82 kilograms) men",wrestling,wrestling
"wrestling - welterweight, greco-roman (≤74 kilograms) men",wrestling,wrestling
"wrestling - light-flyweight, greco-roman (≤48 kilograms) men",wrestling,wrestling
"wrestling - heavyweight, greco-roman (≤100 kilograms) men",wrestling,wrestling
"wrestling - lightweight, freestyle (≤68 kilograms) men",wrestling,wrestling
"wrestling - featherweight, greco-roman (≤62 kilograms) men",wrestling,wrestling
"wrestling - flyweight, freestyle (≤52 kilograms) men",wrestling,wrestling
"wrestling - lightweight, greco-roman (≤68 kilograms) men",wrestling,wrestling
"wrestling - super-heavyweight, greco-roman (>100 kilograms) men",wrestling,wrestling
"wrestling - super-heavyweight, freestyle (>100 kilograms) men",wrestling,wrestling
"wrestling - welterweight, greco-roman (≤78 kilograms) men",wrestling,wrestling
"wrestling - light-heavyweight, freestyle (≤97 kilograms) men",wrestling,wrestling
"wrestling - welterweight, freestyle (≤78 kilograms) men",wrestling,wrestling
"wrestling - featherweight, greco-roman (≤63 kilograms) men",wrestling,wrestling
"wrestling - light-heavyweight, greco-roman (≤97 kilograms) men",wrestling,wrestling
"wrestling - lightweight, freestyle (≤70 kilograms) men",wrestling,wrestling
"wrestling - featherweight, freestyle (≤63 kilograms) men",wrestling,wrestling
"wrestling - middleweight, greco-roman (≤87 kilograms) men",wrestling,wrestling
"wrestling - middleweight, freestyle (≤87 kilograms) men",wrestling,wrestling
"wrestling - lightweight, greco-roman (≤70 kilograms) men",wrestling,wrestling
"wrestling - middleweight, freestyle (≤79 kilograms) men",wrestling,wrestling
"wrestling - middleweight, greco-roman (≤79 kilograms) men",wrestling,wrestling
"wrestling - light-heavyweight, freestyle (≤87 kilograms) men",wrestling,wrestling
"wrestling - welterweight, greco-roman (≤73 kilograms) men",wrestling,wrestling
"wrestling - welterweight, freestyle (≤73 kilograms) men",wrestling,wrestling
"wrestling - heavyweight, greco-roman (>87 kilograms) men",wrestling,wrestling
"wrestling - lightweight, freestyle (≤67 kilograms) men",wrestling,wrestling
"wrestling - lightweight, greco-roman (≤67 kilograms) men",wrestling,wrestling
"wrestling - heavyweight, freestyle (>87 kilograms) men",wrestling,wrestling
"wrestling - light-heavyweight, greco-roman (≤87 kilograms) men",wrestling,wrestling
"wrestling - welterweight, greco-roman (≤72 kilograms) men",wrestling,wrestling
"wrestling - bantamweight, freestyle (≤56 kilograms) men",wrestling,wrestling
"wrestling - welterweight, freestyle (≤72 kilograms) men",wrestling,wrestling
"wrestling - bantamweight, greco-roman (≤56 kilograms) men",wrestling,wrestling
"wrestling - lightweight, freestyle (≤66 kilograms) men",wrestling,wrestling
"wrestling - lightweight, greco-roman (≤66 kilograms) men",wrestling,wrestling
"wrestling - featherweight, greco-roman (≤61 kilograms) men",wrestling,wrestling
"wrestling - featherweight, freestyle (≤61 kilograms) men",wrestling,wrestling
"wrestling - featherweight, greco-roman (≤60 kilograms) men",wrestling,wrestling
"wrestling - bantamweight, greco-roman (≤58 kilograms) men",wrestling,wrestling
"wrestling - heavyweight, greco-roman (>82.5 kilograms) men",wrestling,wrestling
"wrestling - light-heavyweight, greco-roman (≤82.5 kilograms) men",wrestling,wrestling
"wrestling - middleweight, greco-roman (≤75 kilograms) men",wrestling,wrestling
"wrestling - lightweight, greco-roman (≤67.5 kilograms) men",wrestling,wrestling
"wrestling - lightweight, freestyle (≤67.5 kilograms) men",wrestling,wrestling
"wrestling - featherweight, freestyle (≤60 kilograms) men",wrestling,wrestling
"wrestling - middleweight, freestyle (≤75 kilograms) men",wrestling,wrestling
"wrestling - light-heavyweight, freestyle (≤82½ kilograms) men",wrestling,wrestling
"wrestling - heavyweight, freestyle (>82.5 kilograms) men",wrestling,wrestling
